id,first_name,last_name,email,gender,ip_address
1,Meggy,Vain,mvain0@vkontakte.ru,Female,14.171.65.1
2,Nicolas,Leghorn,nleghorn1@businessweek.com,Male,56.144.102.185
3,Conny,Laying,claying2@bloglovin.com,Male,3.143.77.208
4,Evangelia,Soars,esoars3@rambler.ru,Genderfluid,114.185.44.38
5,Marilin,Tethcote,mtethcote4@qq.com,Female,28.104.108.151
6,Felizio,Whayman,fwhayman5@mapquest.com,Male,53.213.136.32
7,Clarence,Carnegy,ccarnegy6@booking.com,Male,4.148.9.0
8,Rozanna,Gobeau,rgobeau7@vistaprint.com,Female,94.145.19.47
9,Sunshine,Cardoso,scardoso8@fc2.com,Female,83.44.76.175
10,Gerianne,O'Gaven,gogaven9@wunderground.com,Female,101.186.89.27
11,Marcille,Glaister,mglaistera@uol.com.br,Female,43.134.37.140
12,Nelia,Gummoe,ngummoeb@wufoo.com,Genderfluid,236.84.127.90
13,Muhammad,Thurber,mthurberc@issuu.com,Male,14.189.225.102
14,Katine,Sebley,ksebleyd@uiuc.edu,Female,220.169.150.136
15,Tamara,Streeter,tstreetere@yahoo.com,Female,110.50.222.248
16,Nefen,Quemby,nquembyf@bloglovin.com,Polygender,116.32.233.207
17,Marcie,Goodacre,mgoodacreg@hugedomains.com,Female,203.127.150.154
18,Janean,Shiril,jshirilh@cbc.ca,Female,82.33.103.184
19,Calv,Eke,cekei@guardian.co.uk,Male,202.235.221.106
20,Briant,Albrooke,balbrookej@digg.com,Male,20.202.223.218
21,Terrence,Estabrook,testabrookk@comcast.net,Male,71.94.99.32
22,Nikolaus,Zavittieri,nzavittieril@hatena.ne.jp,Non-binary,38.162.170.190
23,Etheline,Francescone,efrancesconem@scientificamerican.com,Female,113.157.172.130
24,Euphemia,Bartleet,ebartleetn@wordpress.com,Female,237.244.1.124
25,Melany,Pacey,mpaceyo@devhub.com,Female,189.208.222.188
26,Abbe,Abbiss,aabbissp@admin.ch,Male,158.124.180.26
27,Peterus,Detheridge,pdetheridgeq@amazon.de,Male,207.122.193.74
28,Jere,Detoc,jdetocr@seattletimes.com,Male,115.209.19.198
29,Nils,Rangell,nrangells@typepad.com,Male,205.107.94.42
30,Kerry,Worham,kworhamt@wufoo.com,Female,105.208.86.240
31,Agneta,Ary,aaryu@hud.gov,Bigender,151.129.114.79
32,Arabele,Karet,akaretv@vinaora.com,Female,18.167.203.218
33,Sisely,Turvey,sturveyw@taobao.com,Female,135.161.120.205
34,Peri,Kittle,pkittlex@jalbum.net,Female,209.56.99.217
35,Leyla,Burgott,lburgotty@archive.org,Non-binary,204.156.185.57
36,Pansie,Kenwyn,pkenwynz@hexun.com,Female,147.208.61.197
37,Petrina,Vango,pvango10@drupal.org,Female,95.155.142.18
38,Wendel,Rattrie,wrattrie11@cbslocal.com,Agender,101.6.145.171
39,Silvanus,Bonds,sbonds12@home.pl,Male,49.167.251.33
40,Cassandry,Bohike,cbohike13@ucoz.com,Female,132.3.156.159
41,Zara,Petersen,zpetersen14@yellowbook.com,Female,58.140.143.66
42,Merrie,Robun,mrobun15@bigcartel.com,Female,153.100.189.28
43,Dolley,Platts,dplatts16@angelfire.com,Female,72.44.99.198
44,Fionnula,Brittain,fbrittain17@typepad.com,Female,134.117.183.162
45,Daryle,Hall-Gough,dhallgough18@earthlink.net,Male,226.172.172.155
46,Ethelind,Wainscot,ewainscot19@arstechnica.com,Female,195.189.232.43
47,Katheryn,McCaughen,kmccaughen1a@europa.eu,Female,48.208.10.111
48,Delia,Davidwitz,ddavidwitz1b@irs.gov,Female,195.250.159.22
49,Hilliard,Hanvey,hhanvey1c@facebook.com,Bigender,156.48.202.151
50,Ambrose,O'Day,aoday1d@clickbank.net,Male,171.223.206.80
